id,title,score,num_comments,author,created_utc,url,over_18,edited,spoiler,stickied
1ju81cr,Jira: Is it still helping teams... or just slowing them down?,64,45,IllWasabi8734,2025-04-08 07:40:50,https://www.reddit.com/r/dataengineering/comments/1ju81cr/jira_is_it_still_helping_teams_or_just_slowing/,False,False,False,False
1ju3tor,Previewing parquet directly from the OS,35,16,Impressive_Run8512,2025-04-08 03:07:12,https://www.reddit.com/r/dataengineering/comments/1ju3tor/previewing_parquet_directly_from_the_os/,False,False,False,False
1jukwsu,Why do you dislike MS Fabric?,32,31,cdigioia,2025-04-08 18:33:12,https://www.reddit.com/r/dataengineering/comments/1jukwsu/why_do_you_dislike_ms_fabric/,False,False,False,False
1ju6uoo,Ingesting a billion small .csv files from blob?,17,4,hi_top_please,2025-04-08 06:14:25,https://www.reddit.com/r/dataengineering/comments/1ju6uoo/ingesting_a_billion_small_csv_files_from_blob/,False,False,False,False
1ju9kqo,How did you start your data engineering journey?,15,36,FuzzyCraft68,2025-04-08 09:39:06,https://www.reddit.com/r/dataengineering/comments/1ju9kqo/how_did_you_start_your_data_engineering_journey/,False,False,False,False
1ju3x6z,Live code experience,8,1,Significant_Quit_514,2025-04-08 03:12:31,https://www.reddit.com/r/dataengineering/comments/1ju3x6z/live_code_experience/,False,False,False,False
1jugab3,What are the Python Data Engineering approaches every data scientist should know?,9,5,Pineapple_throw_105,2025-04-08 15:25:54,https://www.reddit.com/r/dataengineering/comments/1jugab3/what_are_the_python_data_engineering_approaches/,False,False,False,False
1ju2vaa,"Mini MDS - Lightweight, open source, locally-hosted Modern Data Stack",8,0,Clohne,2025-04-08 02:16:28,https://github.com/esadek/mini-mds,False,False,False,False
1jukena,Clean architecture for Data Engineering,4,5,Harshadeep21,2025-04-08 18:13:04,https://www.reddit.com/r/dataengineering/comments/1jukena/clean_architecture_for_data_engineering/,False,False,False,False
1ju714r,"reflect-cpp - a C++20 library for fast serialization, deserialization and validation using reflection, like Python's Pydantic or Rust's serde.",6,0,liuzicheng1987,2025-04-08 06:26:36,https://www.reddit.com/r/dataengineering/comments/1ju714r/reflectcpp_a_c20_library_for_fast_serialization/,False,False,False,False
1jumngl,Hung DBT jobs,7,3,CrabEnvironmental864,2025-04-08 19:45:39,https://www.reddit.com/r/dataengineering/comments/1jumngl/hung_dbt_jobs/,False,False,False,False
1jun8gx,Designing a database ERP from scratch.,2,1,Specific_Bad8942,2025-04-08 20:09:25,https://www.reddit.com/r/dataengineering/comments/1jun8gx/designing_a_database_erp_from_scratch/,False,False,False,False
1jujn9j,Lessons from optimizing dashboard performance on Looker Studio with BigQuery data,2,1,kodalogic,2025-04-08 17:43:22,https://www.reddit.com/r/dataengineering/comments/1jujn9j/lessons_from_optimizing_dashboard_performance_on/,False,False,False,False
1juhrrs,Help: Looking to set up a decent data architecture (data lake and/or warehouse),2,1,thehotdawning,2025-04-08 16:27:08,https://www.reddit.com/r/dataengineering/comments/1juhrrs/help_looking_to_set_up_a_decent_data_architecture/,False,False,False,False
1jusby0,Best way to handle loading JSON API data into database in pipelines,2,0,fetus-flipper,2025-04-08 23:56:12,https://www.reddit.com/r/dataengineering/comments/1jusby0/best_way_to_handle_loading_json_api_data_into/,False,False,False,False
1jugyx7,Cornerstone data,1,0,arunrajan96,2025-04-08 15:54:25,https://www.reddit.com/r/dataengineering/comments/1jugyx7/cornerstone_data/,False,False,False,False
1jufvpe,Question around migrating to dbt,1,2,receding_bareline,2025-04-08 15:09:02,https://www.reddit.com/r/dataengineering/comments/1jufvpe/question_around_migrating_to_dbt/,False,False,False,False
1judm9f,GizmoSQL: Power your Enterprise analytics with Arrow Flight SQL and DuckDB,1,1,Adventurous-Visit161,2025-04-08 13:30:54,https://www.reddit.com/r/dataengineering/comments/1judm9f/gizmosql_power_your_enterprise_analytics_with/,False,False,False,False
1jucavs,Is there any tool you use to keep track on the dates you need to reset API keys?,1,7,dataguydream,2025-04-08 12:26:25,https://www.reddit.com/r/dataengineering/comments/1jucavs/is_there_any_tool_you_use_to_keep_track_on_the/,False,False,False,False
1jub08u,How do you group your tables into pipelines?,1,7,Commercial_Dig2401,2025-04-08 11:13:44,https://www.reddit.com/r/dataengineering/comments/1jub08u/how_do_you_group_your_tables_into_pipelines/,False,False,False,False
1ju7cmf,What is the best way to reflect data in clickhouse from MySQL other than the MySQL engine?,1,9,Danyboi16,2025-04-08 06:49:07,https://www.reddit.com/r/dataengineering/comments/1ju7cmf/what_is_the_best_way_to_reflect_data_in/,False,False,False,False
1ju4ksz,Any reviews of Snowflake conference?,1,0,notnullboyo,2025-04-08 03:50:07,https://www.reddit.com/r/dataengineering/comments/1ju4ksz/any_reviews_of_snowflake_conference/,False,False,False,False
1juo1uo,How are entry level data engineering roles at Amazon?,0,1,gta35,2025-04-08 20:43:31,https://www.reddit.com/r/dataengineering/comments/1juo1uo/how_are_entry_level_data_engineering_roles_at/,False,False,False,False
1juj0x6,Beginning Data Scientist in Azure needing some help (iot),0,8,PaqS18,2025-04-08 17:18:34,https://www.reddit.com/r/dataengineering/comments/1juj0x6/beginning_data_scientist_in_azure_needing_some/,False,False,False,False
1juibws,From Data Tyranny to Data Democratization,0,0,growth_man,2025-04-08 16:50:26,https://moderndata101.substack.com/p/from-data-tyranny-to-data-democratization,False,False,False,False
1jui1dg,Mirror snowflake to PG,0,6,gal_12345,2025-04-08 16:38:21,https://www.reddit.com/r/dataengineering/comments/1jui1dg/mirror_snowflake_to_pg/,False,False,False,False
1ju693k,Experienced data engineer looking to expand to devops,0,5,Lamyya,2025-04-08 05:33:41,https://www.reddit.com/r/dataengineering/comments/1ju693k/experienced_data_engineer_looking_to_expand_to/,False,False,False,False
1jukctt,Hot Take: You shouldn't be a data engineer if you've never been a data analyst,0,6,_areebpasha,2025-04-08 18:11:04,https://www.reddit.com/r/dataengineering/comments/1jukctt/hot_take_you_shouldnt_be_a_data_engineer_if_youve/,False,False,False,False
